{
  "nbBones": 95,
  "names": [
    "Root",
    "Trajectory",
    "Reference",
    "IK_r_foot",
    "IK_l_foot",
    "IK_pelvis",
    "IK_r_hand",
    "IK_l_hand",
    "IK_torso3",
    "pelvis",
    "torso",
    "torso2",
    "torso3",
    "neck",
    "head",
    "l_thigh",
    "l_shin",
    "l_foot",
    "r_thigh",
    "r_shin",
    "r_foot",
    "l_shoulder",
    "l_bicep",
    "l_forearm",
    "l_hand",
    "l_middle1",
    "l_middle2",
    "r_shoulder",
    "r_bicep",
    "r_forearm",
    "r_hand",
    "r_middle1",
    "r_middle2",
    "r_weapon",
    "l_weapon",
    "l_toe",
    "l_legRoll",
    "l_legRoll2",
    "l_kneeRoll",
    "r_toe",
    "r_legRoll",
    "r_legRoll2",
    "r_kneeRoll",
    "l_bicep2",
    "l_shoulderRoll",
    "l_elbowRoll",
    "l_forearmRoll1",
    "l_forearmRoll2",
    "l_handRoll",
    "r_bicep2",
    "r_elbowRoll",
    "r_forearmRoll1",
    "r_forearmRoll2",
    "r_handRoll",
    "r_shoulderRoll",
    "hroll",
    "l_index1",
    "l_index2",
    "l_index3",
    "l_middle3",
    "l_pinky0",
    "l_pinky1",
    "l_pinky2",
    "l_pinky3",
    "l_ring1",
    "l_ring2",
    "l_ring3",
    "l_thumb1",
    "l_thumb2",
    "l_thumb3",
    "r_index1",
    "r_index2",
    "r_index3",
    "r_middle3",
    "r_pinky0",
    "r_pinky1",
    "r_pinky2",
    "r_pinky3",
    "r_ring1",
    "r_ring2",
    "r_ring3",
    "r_thumb1",
    "r_thumb2",
    "r_thumb3",
    "l_index_knuckleRoll",
    "l_middle_knuckleRoll",
    "l_pinky_knuckleRoll",
    "l_ring_knuckleRoll",
    "l_thumb_roll",
    "r_index_knuckleRoll",
    "r_middle_knuckleRoll",
    "r_pinky_knuckleRoll",
    "r_ring_knuckleRoll",
    "r_thumb_roll",
	"RootMotion"
  ],
  "parentIdx": [
    94,
    0,
    0,
    0,
    0,
    0,
    0,
    0,
    0,
    0,
    9,
    10,
    11,
    12,
    13,
    9,
    15,
    16,
    9,
    18,
    19,
    12,
    21,
    22,
    23,
    24,
    25,
    12,
    27,
    28,
    29,
    30,
    31,
    30,
    24,
    17,
    9,
    15,
    16,
    20,
    9,
    18,
    19,
    22,
    21,
    23,
    23,
    46,
    47,
    28,
    29,
    29,
    51,
    52,
    27,
    13,
    24,
    56,
    57,
    26,
    24,
    60,
    61,
    62,
    24,
    64,
    65,
    24,
    67,
    68,
    30,
    70,
    71,
    32,
    30,
    74,
    75,
    76,
    30,
    78,
    79,
    30,
    81,
    82,
    56,
    25,
    61,
    64,
    24,
    70,
    31,
    75,
    78,
    30,
	-1
  ],
  "matrix": [
    {},
    {},
    {},
    {},
    {},
    {},
    {},
    {},
    {},
    {},
    {},
    {},
    {},
    {},
    {},
    {},
    {},
    {},
    {},
    {},
    {},
    {},
    {},
    {},
    {},
    {},
    {},
    {},
    {},
    {},
    {},
    {},
    {},
    {},
    {},
    {},
    {},
    {},
    {},
    {},
    {},
    {},
    {},
    {},
    {},
    {},
    {},
    {},
    {},
    {},
    {},
    {},
    {},
    {},
    {},
    {},
    {},
    {},
    {},
    {},
    {},
    {},
    {},
    {},
    {},
    {},
    {},
    {},
    {},
    {},
    {},
    {},
    {},
    {},
    {},
    {},
    {},
    {},
    {},
    {},
    {},
    {},
    {},
    {},
    {},
    {},
    {},
    {},
    {},
    {},
    {},
    {},
    {},
    {},
	{}
  ],
  "positions": [
    {
      "Z": 0.0,
      "Y": 0.0,
      "X": 0.0
    },
    {
      "Z": 0.0,
      "Y": 0.0,
      "X": 0.0
    },
    {
      "Z": 0.0,
      "Y": 0.0,
      "X": 0.0
    },
    {
      "Z": 0.07944775,
      "Y": -0.100040242,
      "X": 0.147298485
    },
    {
      "Z": 0.07944775,
      "Y": -0.100040242,
      "X": -0.147298738
    },
    {
      "Z": 0.994,
      "Y": -0.0314066,
      "X": -4.742265E-09
    },
    {
      "Z": 1.32968712,
      "Y": 0.157060727,
      "X": 0.5965392
    },
    {
      "Z": 1.329768,
      "Y": 0.157168418,
      "X": -0.596474
    },
    {
      "Z": 1.40998268,
      "Y": -0.0278692115,
      "X": 2.13771673E-05
    },
    {
      "Z": 0.994,
      "Y": -0.0314066,
      "X": -4.742265E-09
    },
    {
      "Z": -7.629389E-08,
      "Y": -0.105076976,
      "X": 0.000188200473
    },
    {
      "Z": 0.0,
      "Y": 0.0,
      "X": 0.150928035
    },
    {
      "Z": 6.22123464E-09,
      "Y": -4.76837148E-09,
      "X": 0.160000145
    },
    {
      "Z": 0.0,
      "Y": 0.0,
      "X": 0.193897858
    },
    {
      "Z": -1.86264511E-11,
      "Y": 0.0,
      "X": 0.106999964
    },
    {
      "Z": -0.104531,
      "Y": -0.01070221,
      "X": -0.000547266
    },
    {
      "Z": 9.536743E-09,
      "Y": 0.0,
      "X": 0.48999995
    },
    {
      "Z": 0.0,
      "Y": 0.0,
      "X": 0.44
    },
    {
      "Z": 0.104531,
      "Y": -0.01070221,
      "X": -0.000547266
    },
    {
      "Z": 0.0,
      "Y": 0.0,
      "X": 0.48999992
    },
    {
      "Z": 0.0,
      "Y": -9.536743E-09,
      "X": 0.44
    },
    {
      "Z": 0.0300000012,
      "Y": -0.002500019,
      "X": 0.162999719
    },
    {
      "Z": 0.0,
      "Y": 4.76837148E-09,
      "X": 0.186999992
    },
    {
      "Z": 0.0,
      "Y": 0.0,
      "X": 0.269999951
    },
    {
      "Z": 7.62939436E-08,
      "Y": -1.52587887E-07,
      "X": 0.285
    },
    {
      "Z": -0.0105861276,
      "Y": -0.008614349,
      "X": 0.110469967
    },
    {
      "Z": 1.52587887E-07,
      "Y": 0.0,
      "X": 0.0537574738
    },
    {
      "Z": -0.0299999975,
      "Y": -0.0025,
      "X": 0.163000032
    },
    {
      "Z": 0.0,
      "Y": -4.76837148E-09,
      "X": 0.187000021
    },
    {
      "Z": 0.0,
      "Y": 0.0,
      "X": 0.269999981
    },
    {
      "Z": -3.81469718E-08,
      "Y": 0.0,
      "X": 0.285000116
    },
    {
      "Z": 0.0105855176,
      "Y": -0.008614349,
      "X": 0.110469609
    },
    {
      "Z": 7.62939436E-08,
      "Y": 1.52587887E-07,
      "X": 0.0537578575
    },
    {
      "Z": -1.52587887E-07,
      "Y": 0.0,
      "X": 3.81469718E-08
    },
    {
      "Z": 0.0,
      "Y": -1.52587887E-07,
      "X": 7.62939436E-08
    },
    {
      "Z": 1.90734859E-08,
      "Y": 1.19209282E-08,
      "X": 0.175000012
    },
    {
      "Z": -0.0992993,
      "Y": -0.09257004,
      "X": -0.0004065132
    },
    {
      "Z": 0.0,
      "Y": 0.0,
      "X": 0.0
    },
    {
      "Z": 0.0,
      "Y": 0.0,
      "X": 0.0
    },
    {
      "Z": -1.90734859E-08,
      "Y": 1.43051144E-08,
      "X": 0.175000012
    },
    {
      "Z": 0.0992993,
      "Y": -0.09256996,
      "X": -0.0004065108
    },
    {
      "Z": 0.0,
      "Y": 0.0,
      "X": 0.0
    },
    {
      "Z": -9.536743E-09,
      "Y": 0.0,
      "X": 0.0
    },
    {
      "Z": 0.0,
      "Y": 0.0,
      "X": -3.81469718E-08
    },
    {
      "Z": -0.00335769635,
      "Y": -0.000859303458,
      "X": 0.199381113
    },
    {
      "Z": 0.0,
      "Y": 0.0,
      "X": 1.90734859E-08
    },
    {
      "Z": 3.81469718E-08,
      "Y": 0.0,
      "X": 0.07
    },
    {
      "Z": 7.62939436E-08,
      "Y": 1.52587887E-07,
      "X": 0.0700000152
    },
    {
      "Z": 0.0,
      "Y": 0.0,
      "X": 0.07
    },
    {
      "Z": 1.52587887E-07,
      "Y": 0.0,
      "X": 7.62939436E-08
    },
    {
      "Z": 0.0,
      "Y": 0.0,
      "X": 0.0
    },
    {
      "Z": -3.81469718E-08,
      "Y": 0.0,
      "X": 0.07
    },
    {
      "Z": 0.0,
      "Y": 0.0,
      "X": 0.0700000152
    },
    {
      "Z": -3.81469718E-08,
      "Y": 0.0,
      "X": 0.06999998
    },
    {
      "Z": 0.00335769635,
      "Y": -0.00085932255,
      "X": 0.199381217
    },
    {
      "Z": 0.0,
      "Y": 0.00236827834,
      "X": 0.0835199
    },
    {
      "Z": -0.03704502,
      "Y": -0.00748870848,
      "X": 0.110578671
    },
    {
      "Z": 0.0,
      "Y": 1.52587887E-07,
      "X": 0.0524652451
    },
    {
      "Z": 1.52587887E-07,
      "Y": -1.52587887E-07,
      "X": 0.03206184
    },
    {
      "Z": -1.14440915E-07,
      "Y": 0.0,
      "X": 0.0422870629
    },
    {
      "Z": 0.0219991673,
      "Y": -1.52587887E-07,
      "X": 0.0219995677
    },
    {
      "Z": -2.09808348E-07,
      "Y": 0.0,
      "X": 0.08285591
    },
    {
      "Z": -7.62939436E-08,
      "Y": 7.62939436E-08,
      "X": 0.0354601666
    },
    {
      "Z": 7.62939436E-08,
      "Y": 0.0,
      "X": 0.028215332
    },
    {
      "Z": 0.0170827862,
      "Y": -0.00514968857,
      "X": 0.108440623
    },
    {
      "Z": 1.52587887E-07,
      "Y": 1.52587887E-07,
      "X": 0.04871555
    },
    {
      "Z": -3.43322739E-07,
      "Y": -3.05175774E-07,
      "X": 0.0342524722
    },
    {
      "Z": -0.0243297573,
      "Y": 0.0141841127,
      "X": 0.02335987
    },
    {
      "Z": 2.28881831E-07,
      "Y": -7.62939436E-08,
      "X": 0.0560217276
    },
    {
      "Z": 0.0,
      "Y": 0.0,
      "X": 0.0434680544
    },
    {
      "Z": 0.03704483,
      "Y": -0.00748855574,
      "X": 0.110578455
    },
    {
      "Z": -1.52587887E-07,
      "Y": 0.0,
      "X": 0.05246536
    },
    {
      "Z": 0.0,
      "Y": -2.28881831E-07,
      "X": 0.0320612341
    },
    {
      "Z": 0.0,
      "Y": 7.62939436E-08,
      "X": 0.0422869846
    },
    {
      "Z": -0.02199955,
      "Y": 0.0,
      "X": 0.0219996255
    },
    {
      "Z": 1.14440915E-07,
      "Y": 1.52587887E-07,
      "X": 0.08285572
    },
    {
      "Z": -2.28881831E-07,
      "Y": -7.62939436E-08,
      "X": 0.0354601666
    },
    {
      "Z": 3.81469718E-08,
      "Y": 1.52587887E-07,
      "X": 0.0282156374
    },
    {
      "Z": -0.0170830153,
      "Y": -0.00514968857,
      "X": 0.108440682
    },
    {
      "Z": 1.14440915E-07,
      "Y": 1.52587887E-07,
      "X": 0.04871582
    },
    {
      "Z": -1.52587887E-07,
      "Y": 0.0,
      "X": 0.03425232
    },
    {
      "Z": 0.0243296809,
      "Y": 0.0141842645,
      "X": 0.0233597942
    },
    {
      "Z": 0.0,
      "Y": 7.62939436E-08,
      "X": 0.0560215935
    },
    {
      "Z": 0.0,
      "Y": 0.0,
      "X": 0.0434680171
    },
    {
      "Z": -3.81469718E-08,
      "Y": 0.0,
      "X": -0.005696335
    },
    {
      "Z": 3.81469718E-08,
      "Y": 0.0,
      "X": -0.006838226
    },
    {
      "Z": -7.62939436E-08,
      "Y": -7.62939436E-08,
      "X": -0.006657562
    },
    {
      "Z": 3.81469718E-08,
      "Y": 0.0,
      "X": -0.006277008
    },
    {
      "Z": 0.00160476682,
      "Y": 0.00443222048,
      "X": 0.0394074246
    },
    {
      "Z": 3.81469718E-08,
      "Y": 0.0,
      "X": -0.005696335
    },
    {
      "Z": -3.81469718E-08,
      "Y": 0.0,
      "X": -0.006838226
    },
    {
      "Z": 7.62939436E-08,
      "Y": -7.62939436E-08,
      "X": -0.00665763859
    },
    {
      "Z": 0.0,
      "Y": 1.52587887E-07,
      "X": -0.006277008
    },
    {
      "Z": -0.001604805,
      "Y": 0.00443237275,
      "X": 0.03940729
    },
	{
      "Z": 0.0,
      "Y": 0.0,
      "X": 0.0
    }
  ],
  "rotations": [
    {
      "Z": 0.0,
      "Y": 0.0,
      "X": 0.0,
      "W": 1.0
    },
    {
      "Z": 0.0,
      "Y": 0.0,
      "X": 0.0,
      "W": 1.0
    },
    {
      "Z": 0.0,
      "Y": 0.0,
      "X": 0.0,
      "W": 1.0
    },
    {
      "Z": -0.319771558,
      "Y": -0.5694426,
      "X": -0.419148922,
      "W": 0.630710363
    },
    {
      "Z": -0.419148564,
      "Y": -0.6307106,
      "X": -0.3197719,
      "W": 0.569442332
    },
    {
      "Z": -0.5,
      "Y": 0.5,
      "X": -0.50000006,
      "W": -0.5
    },
    {
      "Z": -0.481964827,
      "Y": 0.1886274,
      "X": 0.5146987,
      "W": 0.683531165
    },
    {
      "Z": 0.5147143,
      "Y": -0.6834744,
      "X": -0.481992126,
      "W": -0.1887204
    },
    {
      "Z": 0.0559191555,
      "Y": 0.704873443,
      "X": -0.0558510944,
      "W": 0.704916358
    },
    {
      "Z": -0.5,
      "Y": 0.5,
      "X": -0.50000006,
      "W": -0.5
    },
    {
      "Z": 7.530385E-06,
      "Y": 0.711330533,
      "X": -0.7028577,
      "W": 5.58116953E-05
    },
    {
      "Z": 0.0,
      "Y": -1.8189894E-12,
      "X": 2.384175E-07,
      "W": 1.0
    },
    {
      "Z": 0.08500462,
      "Y": -4.053008E-08,
      "X": 4.75111136E-07,
      "W": 0.996380568
    },
    {
      "Z": -0.178687245,
      "Y": -1.619998E-05,
      "X": 5.116346E-05,
      "W": 0.9839059
    },
    {
      "Z": 0.08873458,
      "Y": 3.30830062E-06,
      "X": 3.16707747E-06,
      "W": 0.9960553
    },
    {
      "Z": -0.6972898,
      "Y": -0.0189037677,
      "X": 0.0133866137,
      "W": 0.7164149
    },
    {
      "Z": 0.05038155,
      "Y": 0.0,
      "X": -2.331267E-10,
      "W": 0.99873
    },
    {
      "Z": -0.5737554,
      "Y": -0.0206507128,
      "X": 0.08722274,
      "W": 0.8141072
    },
    {
      "Z": -0.6972898,
      "Y": 0.018903831,
      "X": -0.0133866109,
      "W": 0.7164149
    },
    {
      "Z": 0.05038155,
      "Y": 9.325068E-10,
      "X": -1.74845041E-10,
      "W": 0.99873
    },
    {
      "Z": -0.573755443,
      "Y": 0.0206505544,
      "X": -0.087222755,
      "W": 0.8141071
    },
    {
      "Z": 0.7962644,
      "Y": 0.0106957853,
      "X": 0.5980177,
      "W": 0.0906830654
    },
    {
      "Z": 0.0237582978,
      "Y": -0.133962825,
      "X": 0.0742475241,
      "W": 0.9879154
    },
    {
      "Z": 0.335900754,
      "Y": -0.336752355,
      "X": 0.6218351,
      "W": 0.6221654
    },
    {
      "Z": -0.0582359,
      "Y": -0.0240793061,
      "X": -0.0779165551,
      "W": 0.9949662
    },
    {
      "Z": -0.293985844,
      "Y": 0.0024177758,
      "X": -0.008342138,
      "W": 0.9557704
    },
    {
      "Z": -0.165836856,
      "Y": -3.09763E-07,
      "X": -4.986429E-07,
      "W": 0.986153245
    },
    {
      "Z": 0.7962644,
      "Y": -0.0106956726,
      "X": -0.598017752,
      "W": 0.090683
    },
    {
      "Z": 0.0237583127,
      "Y": 0.13396284,
      "X": -0.07424748,
      "W": 0.9879154
    },
    {
      "Z": 0.3359009,
      "Y": 0.336752355,
      "X": -0.6218351,
      "W": 0.622165263
    },
    {
      "Z": -0.0582361259,
      "Y": 0.0240792725,
      "X": 0.0779166,
      "W": 0.9949662
    },
    {
      "Z": -0.293986,
      "Y": -0.00241750129,
      "X": 0.008342544,
      "W": 0.9557703
    },
    {
      "Z": -0.16583696,
      "Y": 2.41766259E-07,
      "X": -4.910877E-08,
      "W": 0.986153245
    },
    {
      "Z": 2.30968E-07,
      "Y": -1.2293458E-07,
      "X": 0.0,
      "W": 1.0
    },
    {
      "Z": 4.76837158E-07,
      "Y": -6.20260835E-07,
      "X": 4.84287739E-07,
      "W": 1.0
    },
    {
      "Z": -0.231301457,
      "Y": -9.82412551E-09,
      "X": 4.47043247E-09,
      "W": 0.9728821
    },
    {
      "Z": -0.702121854,
      "Y": 0.005972064,
      "X": 0.0221233144,
      "W": 0.711688
    },
    {
      "Z": -0.006259719,
      "Y": 0.0117047336,
      "X": 0.023759393,
      "W": 0.999629557
    },
    {
      "Z": -0.0251987819,
      "Y": -3.54014951E-08,
      "X": 1.74678438E-10,
      "W": 0.999682546
    },
    {
      "Z": -0.231301486,
      "Y": -6.31436725E-09,
      "X": -2.33225315E-08,
      "W": 0.9728821
    },
    {
      "Z": -0.70206213,
      "Y": 0.0248807631,
      "X": 0.00873099,
      "W": 0.711627364
    },
    {
      "Z": -0.00725542335,
      "Y": -0.0111138076,
      "X": 0.0198587272,
      "W": 0.999714732
    },
    {
      "Z": -0.0251987763,
      "Y": 2.888017E-08,
      "X": -2.62017674E-09,
      "W": 0.9996825
    },
    {
      "Z": 1.86643012E-09,
      "Y": 0.0,
      "X": -0.06365343,
      "W": 0.997972131
    },
    {
      "Z": 0.0119152069,
      "Y": -0.0671847,
      "X": 0.0372364335,
      "W": 0.996974349
    },
    {
      "Z": -0.173463851,
      "Y": 0.173463792,
      "X": -0.6855002,
      "W": 0.685499966
    },
    {
      "Z": 0.0,
      "Y": 0.0,
      "X": -0.0158630386,
      "W": 0.9998742
    },
    {
      "Z": 7.45644346E-09,
      "Y": -7.45644346E-09,
      "X": -0.0396488346,
      "W": 0.9992137
    },
    {
      "Z": -0.0315774046,
      "Y": -0.0151599962,
      "X": -0.0125517529,
      "W": 0.9993074
    },
    {
      "Z": 9.332151E-10,
      "Y": -7.46572049E-09,
      "X": 0.06365339,
      "W": 0.997972131
    },
    {
      "Z": -0.1734638,
      "Y": -0.173463851,
      "X": 0.685500145,
      "W": 0.6855
    },
    {
      "Z": 0.0,
      "Y": 3.725759E-09,
      "X": 0.01586306,
      "W": 0.999874234
    },
    {
      "Z": 3.728222E-09,
      "Y": 3.728222E-09,
      "X": 0.0396488644,
      "W": 0.999213636
    },
    {
      "Z": -0.0315774977,
      "Y": 0.0151599906,
      "X": 0.012551737,
      "W": 0.9993075
    },
    {
      "Z": 0.01191521,
      "Y": 0.06718469,
      "X": -0.03723641,
      "W": 0.9969743
    },
    {
      "Z": 0.04441111,
      "Y": 1.65976655E-06,
      "X": 1.58568855E-06,
      "W": 0.9990133
    },
    {
      "Z": -0.244129434,
      "Y": -0.0452408232,
      "X": -0.0324685574,
      "W": 0.9681425
    },
    {
      "Z": -0.239009,
      "Y": -7.672964E-09,
      "X": -1.22767418E-07,
      "W": 0.971017361
    },
    {
      "Z": -0.1572354,
      "Y": -1.207108E-07,
      "X": -7.072898E-09,
      "W": 0.987561166
    },
    {
      "Z": -0.0517559052,
      "Y": -1.1190869E-07,
      "X": 2.406037E-07,
      "W": 0.9986598
    },
    {
      "Z": -0.006784297,
      "Y": 0.122878186,
      "X": 0.000840534165,
      "W": 0.992398262
    },
    {
      "Z": -0.2906133,
      "Y": -0.06683883,
      "X": 0.09252523,
      "W": 0.9500083
    },
    {
      "Z": -0.159183279,
      "Y": -0.0380977951,
      "X": -0.0784030855,
      "W": 0.9833933
    },
    {
      "Z": -0.08195956,
      "Y": 0.04361886,
      "X": -4.831896E-05,
      "W": 0.995680749
    },
    {
      "Z": -0.270468861,
      "Y": 0.00178578694,
      "X": 0.00405127462,
      "W": 0.9627186
    },
    {
      "Z": -0.186357185,
      "Y": -2.35086219E-07,
      "X": -1.06167974E-07,
      "W": 0.9824821
    },
    {
      "Z": -0.085741654,
      "Y": -2.69212279E-07,
      "X": -4.842082E-07,
      "W": 0.996317446
    },
    {
      "Z": 0.03169092,
      "Y": -0.4057467,
      "X": -0.461436063,
      "W": 0.788316
    },
    {
      "Z": -0.170355663,
      "Y": 2.15491454E-07,
      "X": -4.53666225E-08,
      "W": 0.9853827
    },
    {
      "Z": -0.0366543643,
      "Y": -1.04378266E-07,
      "X": -4.77157755E-07,
      "W": 0.9993281
    },
    {
      "Z": -0.244129434,
      "Y": 0.0452405922,
      "X": 0.03246835,
      "W": 0.9681425
    },
    {
      "Z": -0.239009261,
      "Y": -2.41698359E-07,
      "X": 5.754723E-08,
      "W": 0.9710173
    },
    {
      "Z": -0.157235384,
      "Y": -9.807752E-08,
      "X": -2.20202892E-07,
      "W": 0.987561166
    },
    {
      "Z": -0.0517559,
      "Y": -1.26829846E-07,
      "X": 1.11908687E-08,
      "W": 0.9986598
    },
    {
      "Z": -0.00678407168,
      "Y": -0.1228781,
      "X": -0.0008405567,
      "W": 0.992398262
    },
    {
      "Z": -0.2906135,
      "Y": 0.06683893,
      "X": -0.09252556,
      "W": 0.950008154
    },
    {
      "Z": -0.159183174,
      "Y": 0.0380975381,
      "X": 0.07840287,
      "W": 0.9833933
    },
    {
      "Z": -0.0819593,
      "Y": -0.0436188243,
      "X": 4.85528E-05,
      "W": 0.9956808
    },
    {
      "Z": -0.270468533,
      "Y": -0.00178580033,
      "X": -0.00405132072,
      "W": 0.962718666
    },
    {
      "Z": -0.18635717,
      "Y": 2.88170185E-07,
      "X": 1.9337736E-07,
      "W": 0.982482135
    },
    {
      "Z": -0.08574175,
      "Y": -4.48687167E-08,
      "X": 2.33691225E-07,
      "W": 0.996317446
    },
    {
      "Z": 0.03169103,
      "Y": 0.4057464,
      "X": 0.461436182,
      "W": 0.7883161
    },
    {
      "Z": -0.170355588,
      "Y": -7.18304847E-08,
      "X": 1.51222075E-08,
      "W": 0.9853827
    },
    {
      "Z": -0.036654368,
      "Y": -1.11833856E-07,
      "X": 2.460345E-07,
      "W": 0.999328
    },
    {
      "Z": 0.0,
      "Y": 1.49011612E-08,
      "X": 0.0,
      "W": 1.0
    },
    {
      "Z": -7.450581E-09,
      "Y": 0.0,
      "X": -7.450581E-09,
      "W": 1.0
    },
    {
      "Z": 0.0,
      "Y": -7.45057971E-09,
      "X": 1.49011594E-08,
      "W": 1.00000012
    },
    {
      "Z": 0.0,
      "Y": 0.0,
      "X": -7.450581E-09,
      "W": 1.0
    },
    {
      "Z": 0.03169092,
      "Y": -0.405746579,
      "X": -0.461436063,
      "W": 0.788316
    },
    {
      "Z": 0.0,
      "Y": -7.450581E-09,
      "X": -7.450581E-09,
      "W": 1.0
    },
    {
      "Z": 0.0,
      "Y": 0.0,
      "X": 0.0,
      "W": 1.0
    },
    {
      "Z": 7.450581E-09,
      "Y": 0.0,
      "X": 1.49011612E-08,
      "W": 1.0
    },
    {
      "Z": 0.0,
      "Y": 1.49011612E-08,
      "X": -7.450581E-09,
      "W": 1.0
    },
    {
      "Z": 0.0316910557,
      "Y": 0.4057464,
      "X": 0.4614363,
      "W": 0.788316131
    },
	{
      "Z": 0.0,
      "Y": 0.0,
      "X": 0.0,
      "W": 1.0
    }
  ],
  "scales": [
    {
      "Z": 1.0,
      "Y": 1.0,
      "X": 1.0
    },
    {
      "Z": 1.0,
      "Y": 1.0,
      "X": 1.0
    },
    {
      "Z": 1.0,
      "Y": 1.0,
      "X": 1.0
    },
    {
      "Z": 1.0,
      "Y": 1.0,
      "X": 1.0
    },
    {
      "Z": 1.0,
      "Y": 1.0,
      "X": 1.0
    },
    {
      "Z": 1.0,
      "Y": 1.0,
      "X": 1.0
    },
    {
      "Z": 1.0,
      "Y": 1.0,
      "X": 1.0
    },
    {
      "Z": 1.0,
      "Y": 1.0,
      "X": 1.0
    },
    {
      "Z": 1.0,
      "Y": 1.0,
      "X": 1.0
    },
    {
      "Z": 1.0,
      "Y": 1.0,
      "X": 1.0
    },
    {
      "Z": 1.0,
      "Y": 1.0,
      "X": 1.0
    },
    {
      "Z": 1.0,
      "Y": 1.0,
      "X": 1.0
    },
    {
      "Z": 1.0,
      "Y": 1.0,
      "X": 1.0
    },
    {
      "Z": 1.0,
      "Y": 1.0,
      "X": 1.0
    },
    {
      "Z": 1.0,
      "Y": 1.0,
      "X": 1.0
    },
    {
      "Z": 1.0,
      "Y": 1.0,
      "X": 1.0
    },
    {
      "Z": 1.0,
      "Y": 1.0,
      "X": 1.0
    },
    {
      "Z": 1.0,
      "Y": 1.0,
      "X": 1.0
    },
    {
      "Z": 1.0,
      "Y": 1.0,
      "X": 1.0
    },
    {
      "Z": 1.0,
      "Y": 1.0,
      "X": 1.0
    },
    {
      "Z": 1.0,
      "Y": 1.0,
      "X": 1.0
    },
    {
      "Z": 1.0,
      "Y": 1.0,
      "X": 1.0
    },
    {
      "Z": 1.0,
      "Y": 1.0,
      "X": 1.0
    },
    {
      "Z": 1.0,
      "Y": 1.0,
      "X": 1.0
    },
    {
      "Z": 1.0,
      "Y": 1.0,
      "X": 1.0
    },
    {
      "Z": 1.0,
      "Y": 1.0,
      "X": 1.0
    },
    {
      "Z": 1.0,
      "Y": 1.0,
      "X": 1.0
    },
    {
      "Z": 1.0,
      "Y": 1.0,
      "X": 1.0
    },
    {
      "Z": 1.0,
      "Y": 1.0,
      "X": 1.0
    },
    {
      "Z": 1.0,
      "Y": 1.0,
      "X": 1.0
    },
    {
      "Z": 1.0,
      "Y": 1.0,
      "X": 1.0
    },
    {
      "Z": 1.0,
      "Y": 1.0,
      "X": 1.0
    },
    {
      "Z": 1.0,
      "Y": 1.0,
      "X": 1.0
    },
    {
      "Z": 1.0,
      "Y": 1.0,
      "X": 1.0
    },
    {
      "Z": 1.0,
      "Y": 1.0,
      "X": 1.0
    },
    {
      "Z": 1.0,
      "Y": 1.0,
      "X": 1.0
    },
    {
      "Z": 1.0,
      "Y": 1.0,
      "X": 1.0
    },
    {
      "Z": 1.0,
      "Y": 1.0,
      "X": 1.0
    },
    {
      "Z": 1.0,
      "Y": 1.0,
      "X": 1.0
    },
    {
      "Z": 1.0,
      "Y": 1.0,
      "X": 1.0
    },
    {
      "Z": 1.0,
      "Y": 1.0,
      "X": 1.0
    },
    {
      "Z": 1.0,
      "Y": 1.0,
      "X": 1.0
    },
    {
      "Z": 1.0,
      "Y": 1.0,
      "X": 1.0
    },
    {
      "Z": 1.0,
      "Y": 1.0,
      "X": 1.0
    },
    {
      "Z": 1.0,
      "Y": 1.0,
      "X": 1.0
    },
    {
      "Z": 1.0,
      "Y": 1.0,
      "X": 1.0
    },
    {
      "Z": 1.0,
      "Y": 1.0,
      "X": 1.0
    },
    {
      "Z": 1.0,
      "Y": 1.0,
      "X": 1.0
    },
    {
      "Z": 1.0,
      "Y": 1.0,
      "X": 1.0
    },
    {
      "Z": 1.0,
      "Y": 1.0,
      "X": 1.0
    },
    {
      "Z": 1.0,
      "Y": 1.0,
      "X": 1.0
    },
    {
      "Z": 1.0,
      "Y": 1.0,
      "X": 1.0
    },
    {
      "Z": 1.0,
      "Y": 1.0,
      "X": 1.0
    },
    {
      "Z": 1.0,
      "Y": 1.0,
      "X": 1.0
    },
    {
      "Z": 1.0,
      "Y": 1.0,
      "X": 1.0
    },
    {
      "Z": 1.0,
      "Y": 1.0,
      "X": 1.0
    },
    {
      "Z": 1.0,
      "Y": 1.0,
      "X": 1.0
    },
    {
      "Z": 1.0,
      "Y": 1.0,
      "X": 1.0
    },
    {
      "Z": 1.0,
      "Y": 1.0,
      "X": 1.0
    },
    {
      "Z": 1.0,
      "Y": 1.0,
      "X": 1.0
    },
    {
      "Z": 1.0,
      "Y": 1.0,
      "X": 1.0
    },
    {
      "Z": 1.0,
      "Y": 1.0,
      "X": 1.0
    },
    {
      "Z": 1.0,
      "Y": 1.0,
      "X": 1.0
    },
    {
      "Z": 1.0,
      "Y": 1.0,
      "X": 1.0
    },
    {
      "Z": 1.0,
      "Y": 1.0,
      "X": 1.0
    },
    {
      "Z": 1.0,
      "Y": 1.0,
      "X": 1.0
    },
    {
      "Z": 1.0,
      "Y": 1.0,
      "X": 1.0
    },
    {
      "Z": 1.0,
      "Y": 1.0,
      "X": 1.0
    },
    {
      "Z": 1.0,
      "Y": 1.0,
      "X": 1.0
    },
    {
      "Z": 1.0,
      "Y": 1.0,
      "X": 1.0
    },
    {
      "Z": 1.0,
      "Y": 1.0,
      "X": 1.0
    },
    {
      "Z": 1.0,
      "Y": 1.0,
      "X": 1.0
    },
    {
      "Z": 1.0,
      "Y": 1.0,
      "X": 1.0
    },
    {
      "Z": 1.0,
      "Y": 1.0,
      "X": 1.0
    },
    {
      "Z": 1.0,
      "Y": 1.0,
      "X": 1.0
    },
    {
      "Z": 1.0,
      "Y": 1.0,
      "X": 1.0
    },
    {
      "Z": 1.0,
      "Y": 1.0,
      "X": 1.0
    },
    {
      "Z": 1.0,
      "Y": 1.0,
      "X": 1.0
    },
    {
      "Z": 1.0,
      "Y": 1.0,
      "X": 1.0
    },
    {
      "Z": 1.0,
      "Y": 1.0,
      "X": 1.0
    },
    {
      "Z": 1.0,
      "Y": 1.0,
      "X": 1.0
    },
    {
      "Z": 1.0,
      "Y": 1.0,
      "X": 1.0
    },
    {
      "Z": 1.0,
      "Y": 1.0,
      "X": 1.0
    },
    {
      "Z": 1.0,
      "Y": 1.0,
      "X": 1.0
    },
    {
      "Z": 1.0,
      "Y": 1.0,
      "X": 1.0
    },
    {
      "Z": 1.0,
      "Y": 1.0,
      "X": 1.0
    },
    {
      "Z": 1.0,
      "Y": 1.0,
      "X": 1.0
    },
    {
      "Z": 1.0,
      "Y": 1.0,
      "X": 1.0
    },
    {
      "Z": 1.0,
      "Y": 1.0,
      "X": 1.0
    },
    {
      "Z": 1.0,
      "Y": 1.0,
      "X": 1.0
    },
    {
      "Z": 1.0,
      "Y": 1.0,
      "X": 1.0
    },
    {
      "Z": 1.0,
      "Y": 1.0,
      "X": 1.0
    },
    {
      "Z": 1.0,
      "Y": 1.0,
      "X": 1.0
    },
    {
      "Z": 1.0,
      "Y": 1.0,
      "X": 1.0
    },
	{
      "Z": 1.0,
      "Y": 1.0,
      "X": 1.0
    }
  ]
}