{
  "nbBones": 94,
  "names": [
    "Root",
    "Trajectory",
    "Reference",
    "IK_r_foot",
    "IK_l_foot",
    "IK_pelvis",
    "IK_r_hand",
    "IK_l_hand",
    "IK_torso3",
    "pelvis",
    "torso",
    "torso2",
    "torso3",
    "neck",
    "head",
    "l_thigh",
    "l_shin",
    "l_foot",
    "r_thigh",
    "r_shin",
    "r_foot",
    "l_shoulder",
    "l_bicep",
    "l_forearm",
    "l_hand",
    "l_middle1",
    "l_middle2",
    "r_shoulder",
    "r_bicep",
    "r_forearm",
    "r_hand",
    "r_middle1",
    "r_middle2",
    "r_weapon",
    "l_weapon",
    "l_toe",
    "l_legRoll",
    "l_legRoll2",
    "l_kneeRoll",
    "r_toe",
    "r_legRoll",
    "r_legRoll2",
    "r_kneeRoll",
    "l_bicep2",
    "l_shoulderRoll",
    "l_elbowRoll",
    "l_forearmRoll1",
    "l_forearmRoll2",
    "l_handRoll",
    "r_bicep2",
    "r_elbowRoll",
    "r_forearmRoll1",
    "r_forearmRoll2",
    "r_handRoll",
    "r_shoulderRoll",
    "hroll",
    "l_index1",
    "l_index2",
    "l_index3",
    "l_middle3",
    "l_pinky0",
    "l_pinky1",
    "l_pinky2",
    "l_pinky3",
    "l_ring1",
    "l_ring2",
    "l_ring3",
    "l_thumb1",
    "l_thumb2",
    "l_thumb3",
    "r_index1",
    "r_index2",
    "r_index3",
    "r_middle3",
    "r_pinky0",
    "r_pinky1",
    "r_pinky2",
    "r_pinky3",
    "r_ring1",
    "r_ring2",
    "r_ring3",
    "r_thumb1",
    "r_thumb2",
    "r_thumb3",
    "l_index_knuckleRoll",
    "l_middle_knuckleRoll",
    "l_pinky_knuckleRoll",
    "l_ring_knuckleRoll",
    "l_thumb_roll",
    "r_index_knuckleRoll",
    "r_middle_knuckleRoll",
    "r_pinky_knuckleRoll",
    "r_ring_knuckleRoll",
    "r_thumb_roll",
	"RootMotion"
  ],
  "parentIdx": [
    94,
    0,
    0,
    0,
    0,
    0,
    0,
    0,
    0,
    0,
    9,
    10,
    11,
    12,
    13,
    9,
    15,
    16,
    9,
    18,
    19,
    12,
    21,
    22,
    23,
    24,
    25,
    12,
    27,
    28,
    29,
    30,
    31,
    30,
    24,
    17,
    9,
    15,
    16,
    20,
    9,
    18,
    19,
    22,
    21,
    23,
    23,
    46,
    47,
    28,
    29,
    29,
    51,
    52,
    27,
    13,
    24,
    56,
    57,
    26,
    24,
    60,
    61,
    62,
    24,
    64,
    65,
    24,
    67,
    68,
    30,
    70,
    71,
    32,
    30,
    74,
    75,
    76,
    30,
    78,
    79,
    30,
    81,
    82,
    56,
    25,
    61,
    64,
    24,
    70,
    31,
    75,
    78,
    30,
	-1
  ],
  "positions": [
    {
      "X": 0.0,
      "Y": 0.0,
      "Z": 0.0,
      "LengthSQ": 0.0,
      "Length": 0.0
    },
    {
      "X": 0.0,
      "Y": 0.0,
      "Z": 0.0,
      "LengthSQ": 0.0,
      "Length": 0.0
    },
    {
      "X": 0.0,
      "Y": 0.0,
      "Z": 0.0,
      "LengthSQ": 0.0,
      "Length": 0.0
    },
    {
      "X": 0.0672100857,
      "Y": -0.02939946,
      "Z": 0.117413394,
      "LengthSQ": 0.0191674288,
      "Length": 0.13844648
    },
    {
      "X": -0.0672104,
      "Y": -0.0293994732,
      "Z": 0.117413431,
      "LengthSQ": 0.019167481,
      "Length": 0.138446674
    },
    {
      "X": 3.01991587E-09,
      "Y": 0.02,
      "Z": 1.02092,
      "LengthSQ": 1.04267776,
      "Length": 1.0211159
    },
    {
      "X": 0.5157742,
      "Y": 0.229530215,
      "Z": 1.24172509,
      "LengthSQ": 1.86058831,
      "Length": 1.36403382
    },
    {
      "X": -0.515710831,
      "Y": 0.2296224,
      "Z": 1.24179447,
      "LengthSQ": 1.86073756,
      "Length": 1.36408854
    },
    {
      "X": 1.84110322E-05,
      "Y": 0.017951373,
      "Z": 1.32085657,
      "LengthSQ": 1.74498439,
      "Length": 1.32097852
    },
    {
      "X": 3.01991587E-09,
      "Y": 0.02,
      "Z": 1.02092,
      "LengthSQ": 1.04267776,
      "Length": 1.0211159
    },
    {
      "X": 0.0,
      "Y": -0.03,
      "Z": 0.0,
      "LengthSQ": 0.0009,
      "Length": 0.03
    },
    {
      "X": 0.14000015,
      "Y": -1.19209287E-09,
      "Z": 4.65661277E-12,
      "LengthSQ": 0.0196000412,
      "Length": 0.14000015
    },
    {
      "X": 0.13,
      "Y": 0.0,
      "Z": -4.65661277E-12,
      "LengthSQ": 0.0169,
      "Length": 0.13
    },
    {
      "X": 0.210000142,
      "Y": 0.0,
      "Z": 4.65661277E-12,
      "LengthSQ": 0.04410006,
      "Length": 0.210000142
    },
    {
      "X": 0.1399942,
      "Y": -1.76620488E-05,
      "Z": 1.16415322E-10,
      "LengthSQ": 0.0195983779,
      "Length": 0.1399942
    },
    {
      "X": 0.00310000172,
      "Y": 0.0369999669,
      "Z": -0.0789999962,
      "LengthSQ": 0.007619607,
      "Length": 0.08729036
    },
    {
      "X": 0.422999918,
      "Y": 0.0,
      "Z": 0.0,
      "LengthSQ": 0.178928927,
      "Length": 0.422999918
    },
    {
      "X": 0.445,
      "Y": -4.76837148E-09,
      "Z": -4.76837148E-09,
      "LengthSQ": 0.198024988,
      "Length": 0.445
    },
    {
      "X": 0.00310000172,
      "Y": 0.0370000452,
      "Z": 0.0789999962,
      "LengthSQ": 0.007619613,
      "Length": 0.08729039
    },
    {
      "X": 0.422999978,
      "Y": -1.19209287E-09,
      "Z": 0.0,
      "LengthSQ": 0.178928986,
      "Length": 0.422999978
    },
    {
      "X": 0.444999963,
      "Y": -4.76837148E-09,
      "Z": 0.0,
      "LengthSQ": 0.198024973,
      "Length": 0.444999963
    },
    {
      "X": 0.169000089,
      "Y": 0.015,
      "Z": 0.0289999973,
      "LengthSQ": 0.02962703,
      "Length": 0.172125041
    },
    {
      "X": 0.14,
      "Y": 0.0,
      "Z": -1.52587887E-07,
      "LengthSQ": 0.0196,
      "Length": 0.14
    },
    {
      "X": 0.249000087,
      "Y": 0.0,
      "Z": -7.62939436E-08,
      "LengthSQ": 0.0620010421,
      "Length": 0.249000087
    },
    {
      "X": 0.279,
      "Y": 0.0,
      "Z": 0.0,
      "LengthSQ": 0.0778410062,
      "Length": 0.279
    },
    {
      "X": 0.0813557059,
      "Y": -0.00473983772,
      "Z": -0.009251251,
      "LengthSQ": 0.006726803,
      "Length": 0.08201709
    },
    {
      "X": 0.0422141254,
      "Y": 7.62939436E-08,
      "Z": 1.52587887E-07,
      "LengthSQ": 0.00178203243,
      "Length": 0.0422141254
    },
    {
      "X": 0.169000089,
      "Y": 0.015,
      "Z": -0.0290000029,
      "LengthSQ": 0.02962703,
      "Length": 0.172125041
    },
    {
      "X": 0.139999971,
      "Y": 0.0,
      "Z": 1.52587887E-07,
      "LengthSQ": 0.01959999,
      "Length": 0.139999971
    },
    {
      "X": 0.249000013,
      "Y": 0.0,
      "Z": 7.62939436E-08,
      "LengthSQ": 0.0620010048,
      "Length": 0.249000013
    },
    {
      "X": 0.279,
      "Y": 0.0,
      "Z": 0.0,
      "LengthSQ": 0.0778410062,
      "Length": 0.279
    },
    {
      "X": 0.0813557059,
      "Y": -0.00473976135,
      "Z": 0.009251251,
      "LengthSQ": 0.006726802,
      "Length": 0.08201709
    },
    {
      "X": 0.04221409,
      "Y": -7.62939436E-08,
      "Z": 0.0,
      "LengthSQ": 0.00178202929,
      "Length": 0.04221409
    },
    {
      "X": 0.0,
      "Y": 0.0,
      "Z": -1.52587887E-07,
      "LengthSQ": 2.32830638E-14,
      "Length": 1.52587887E-07
    },
    {
      "X": -3.81469718E-08,
      "Y": 7.62939436E-08,
      "Z": -7.62939436E-08,
      "LengthSQ": 1.30967235E-14,
      "Length": 1.14440915E-07
    },
    {
      "X": 0.144792989,
      "Y": 0.00247492315,
      "Z": -0.00109503744,
      "LengthSQ": 0.0209723338,
      "Length": 0.144818276
    },
    {
      "X": 0.00150247093,
      "Y": -0.04996872,
      "Z": -0.10010428,
      "LengthSQ": 0.0125199975,
      "Length": 0.1118928
    },
    {
      "X": 7.62939436E-08,
      "Y": 2.38418574E-09,
      "Z": 0.0,
      "LengthSQ": 5.82645038E-15,
      "Length": 7.633119E-08
    },
    {
      "X": 3.81469718E-08,
      "Y": 0.0,
      "Z": 0.0,
      "LengthSQ": 1.45519149E-15,
      "Length": 3.81469718E-08
    },
    {
      "X": 0.144792989,
      "Y": 0.00247492781,
      "Z": 0.0010950279,
      "LengthSQ": 0.0209723338,
      "Length": 0.144818276
    },
    {
      "X": 0.00150247209,
      "Y": -0.04996864,
      "Z": 0.10010428,
      "LengthSQ": 0.0125199892,
      "Length": 0.11189276
    },
    {
      "X": 0.0,
      "Y": 0.0,
      "Z": -4.76837148E-09,
      "LengthSQ": 2.2737367E-17,
      "Length": 4.76837148E-09
    },
    {
      "X": 0.0,
      "Y": 0.0,
      "Z": -4.76837148E-09,
      "LengthSQ": 2.2737367E-17,
      "Length": 4.76837148E-09
    },
    {
      "X": 0.0,
      "Y": 0.0,
      "Z": 0.0,
      "LengthSQ": 0.0,
      "Length": 0.0
    },
    {
      "X": 0.149700776,
      "Y": -0.00434011454,
      "Z": -0.005258331,
      "LengthSQ": 0.022456808,
      "Length": 0.149855956
    },
    {
      "X": 0.0,
      "Y": 0.0,
      "Z": 0.0,
      "LengthSQ": 0.0,
      "Length": 0.0
    },
    {
      "X": 0.0899999961,
      "Y": 0.0,
      "Z": -7.62939436E-08,
      "LengthSQ": 0.008099999,
      "Length": 0.0899999961
    },
    {
      "X": 0.08999998,
      "Y": 0.0,
      "Z": 7.62939436E-08,
      "LengthSQ": 0.00809999648,
      "Length": 0.08999998
    },
    {
      "X": 0.06,
      "Y": 0.0,
      "Z": -7.62939436E-08,
      "LengthSQ": 0.0036,
      "Length": 0.06
    },
    {
      "X": 0.0,
      "Y": 0.0,
      "Z": 0.0,
      "LengthSQ": 0.0,
      "Length": 0.0
    },
    {
      "X": 0.0,
      "Y": 0.0,
      "Z": 0.0,
      "LengthSQ": 0.0,
      "Length": 0.0
    },
    {
      "X": 0.0899999961,
      "Y": 0.0,
      "Z": 7.62939436E-08,
      "LengthSQ": 0.008099999,
      "Length": 0.0899999961
    },
    {
      "X": 0.0899999961,
      "Y": -7.62939436E-08,
      "Z": 0.0,
      "LengthSQ": 0.008099999,
      "Length": 0.0899999961
    },
    {
      "X": 0.0600000545,
      "Y": 0.0,
      "Z": -7.62939436E-08,
      "LengthSQ": 0.00360000646,
      "Length": 0.0600000545
    },
    {
      "X": 0.149700776,
      "Y": -0.00434010476,
      "Z": 0.005258484,
      "LengthSQ": 0.02245681,
      "Length": 0.149855956
    },
    {
      "X": 0.08300018,
      "Y": 0.0,
      "Z": 9.31322554E-12,
      "LengthSQ": 0.00688903034,
      "Length": 0.08300018
    },
    {
      "X": 0.08004299,
      "Y": -0.003911972,
      "Z": -0.02889038,
      "LengthSQ": 0.00725683756,
      "Length": 0.08518708
    },
    {
      "X": 0.039667204,
      "Y": -7.62939436E-08,
      "Z": 0.0,
      "LengthSQ": 0.00157348707,
      "Length": 0.039667204
    },
    {
      "X": 0.0238176715,
      "Y": 7.62939436E-08,
      "Z": 0.0,
      "LengthSQ": 0.0005672815,
      "Length": 0.0238176715
    },
    {
      "X": 0.0299658962,
      "Y": 0.0,
      "Z": -3.814697E-07,
      "LengthSQ": 0.0008979549,
      "Length": 0.0299658962
    },
    {
      "X": 0.0159869771,
      "Y": 0.00166336051,
      "Z": 0.0158923343,
      "LengthSQ": 0.0005109165,
      "Length": 0.0226034634
    },
    {
      "X": 0.0615512468,
      "Y": -1.52587887E-07,
      "Z": 1.52587887E-07,
      "LengthSQ": 0.003788556,
      "Length": 0.0615512468
    },
    {
      "X": 0.026342392,
      "Y": -3.81469718E-08,
      "Z": -1.52587887E-07,
      "LengthSQ": 0.00069392164,
      "Length": 0.026342392
    },
    {
      "X": 0.02018238,
      "Y": 1.14440915E-07,
      "Z": 0.0,
      "LengthSQ": 0.00040732848,
      "Length": 0.02018238
    },
    {
      "X": 0.0801429749,
      "Y": -0.00215698243,
      "Z": 0.011321639999999999,
      "LengthSQ": 0.00655572861,
      "Length": 0.0809674561
    },
    {
      "X": 0.0372184739,
      "Y": -3.05175774E-07,
      "Z": -7.62939436E-08,
      "LengthSQ": 0.00138521474,
      "Length": 0.0372184739
    },
    {
      "X": 0.0248534,
      "Y": 1.14440915E-07,
      "Z": -2.28881831E-07,
      "LengthSQ": 0.000617691549,
      "Length": 0.0248534
    },
    {
      "X": 0.0164750665,
      "Y": 0.0141310114,
      "Z": -0.0204616543,
      "LengthSQ": 0.0008897926,
      "Length": 0.02982939
    },
    {
      "X": 0.03992031,
      "Y": -1.52587887E-07,
      "Z": -7.62939436E-08,
      "LengthSQ": 0.00159363123,
      "Length": 0.03992031
    },
    {
      "X": 0.0277772322,
      "Y": 1.52587887E-07,
      "Z": -7.62939436E-08,
      "LengthSQ": 0.0007715746,
      "Length": 0.0277772322
    },
    {
      "X": 0.08004299,
      "Y": -0.00391189568,
      "Z": 0.02889038,
      "LengthSQ": 0.007256837,
      "Length": 0.08518707
    },
    {
      "X": 0.0396671668,
      "Y": 0.0,
      "Z": -7.62939436E-08,
      "LengthSQ": 0.00157348416,
      "Length": 0.0396671668
    },
    {
      "X": 0.0238177478,
      "Y": -7.62939436E-08,
      "Z": 7.62939436E-08,
      "LengthSQ": 0.0005672851,
      "Length": 0.0238177478
    },
    {
      "X": 0.0299658962,
      "Y": 0.0,
      "Z": 3.814697E-07,
      "LengthSQ": 0.0008979549,
      "Length": 0.0299658962
    },
    {
      "X": 0.0159870144,
      "Y": 0.00166351313,
      "Z": -0.0158922579,
      "LengthSQ": 0.000510915765,
      "Length": 0.0226034466
    },
    {
      "X": 0.06155132,
      "Y": -1.52587887E-07,
      "Z": -1.52587887E-07,
      "LengthSQ": 0.003788565,
      "Length": 0.06155132
    },
    {
      "X": 0.02634243,
      "Y": -3.81469718E-08,
      "Z": 1.52587887E-07,
      "LengthSQ": 0.000693923561,
      "Length": 0.02634243
    },
    {
      "X": 0.0201824177,
      "Y": 1.90734852E-07,
      "Z": 7.62939436E-08,
      "LengthSQ": 0.00040733,
      "Length": 0.0201824177
    },
    {
      "X": 0.0801429749,
      "Y": -0.00215698243,
      "Z": -0.0113215633,
      "LengthSQ": 0.00655572675,
      "Length": 0.08096744
    },
    {
      "X": 0.0372184739,
      "Y": -3.05175774E-07,
      "Z": 7.62939436E-08,
      "LengthSQ": 0.00138521474,
      "Length": 0.0372184739
    },
    {
      "X": 0.0248534,
      "Y": 7.62939436E-08,
      "Z": 2.28881831E-07,
      "LengthSQ": 0.000617691549,
      "Length": 0.0248534
    },
    {
      "X": 0.0164750665,
      "Y": 0.0141310878,
      "Z": 0.0204616543,
      "LengthSQ": 0.0008897948,
      "Length": 0.0298294276
    },
    {
      "X": 0.0399202332,
      "Y": -1.52587887E-07,
      "Z": 0.0,
      "LengthSQ": 0.001593625,
      "Length": 0.0399202332
    },
    {
      "X": 0.0277771745,
      "Y": 0.0,
      "Z": 1.52587887E-07,
      "LengthSQ": 0.0007715714,
      "Length": 0.0277771745
    },
    {
      "X": -0.00631164527,
      "Y": -7.62939436E-08,
      "Z": 0.0,
      "LengthSQ": 3.98368647E-05,
      "Length": 0.00631164527
    },
    {
      "X": -0.006139183,
      "Y": 7.62939436E-08,
      "Z": 0.0,
      "LengthSQ": 3.76895659E-05,
      "Length": 0.006139183
    },
    {
      "X": -0.004609756,
      "Y": 3.81469718E-08,
      "Z": 0.0,
      "LengthSQ": 2.12498526E-05,
      "Length": 0.004609756
    },
    {
      "X": -0.00688480353,
      "Y": 7.62939436E-08,
      "Z": 7.62939436E-08,
      "LengthSQ": 4.740052E-05,
      "Length": 0.00688480353
    },
    {
      "X": 0.0349999629,
      "Y": 0.005,
      "Z": 0.005,
      "LengthSQ": 0.00127499737,
      "Length": 0.035707105
    },
    {
      "X": -0.00631168345,
      "Y": 0.0,
      "Z": -7.62939436E-08,
      "LengthSQ": 3.983735E-05,
      "Length": 0.00631168345
    },
    {
      "X": -0.00613910658,
      "Y": -7.62939436E-08,
      "Z": 0.0,
      "LengthSQ": 3.768863E-05,
      "Length": 0.00613910658
    },
    {
      "X": -0.004609642,
      "Y": 7.62939436E-08,
      "Z": -1.52587887E-07,
      "LengthSQ": 2.12488E-05,
      "Length": 0.004609642
    },
    {
      "X": -0.00688484171,
      "Y": 0.0,
      "Z": 7.62939436E-08,
      "LengthSQ": 4.74010449E-05,
      "Length": 0.00688484171
    },
    {
      "X": 0.0349999629,
      "Y": 0.005,
      "Z": -0.005,
      "LengthSQ": 0.00127499737,
      "Length": 0.035707105
    },
	{
      "X": 0.0,
      "Y": 0.0,
      "Z": 0.0,
      "LengthSQ": 0.0,
      "Length": 0.0
    }
  ],
  "rotations": [
    {
      "X": 0.0,
      "Y": 0.0,
      "Z": 0.0,
      "W": 1.0
    },
    {
      "X": 0.0,
      "Y": 0.0,
      "Z": 0.0,
      "W": 1.0
    },
    {
      "X": 0.0,
      "Y": 0.0,
      "Z": 0.0,
      "W": 1.0
    },
    {
      "X": -0.326041,
      "Y": -0.6133029,
      "Z": -0.275951147,
      "W": 0.6643853
    },
    {
      "X": -0.2759514,
      "Y": -0.6643854,
      "Z": -0.326040924,
      "W": 0.613302767
    },
    {
      "X": -0.50000006,
      "Y": 0.5,
      "Z": -0.5,
      "W": -0.5
    },
    {
      "X": 0.328497618,
      "Y": 0.09789363,
      "Z": -0.4276319,
      "W": 0.8364432
    },
    {
      "X": 0.4276836,
      "Y": 0.8363981,
      "Z": -0.32852,
      "W": 0.09797764
    },
    {
      "X": -0.0701651052,
      "Y": 0.703592539,
      "Z": 0.070233576,
      "W": 0.70363456
    },
    {
      "X": -0.50000006,
      "Y": 0.5,
      "Z": -0.5,
      "W": -0.5
    },
    {
      "X": -0.702857435,
      "Y": 0.7113306,
      "Z": 7.19523223E-06,
      "W": 5.61508859E-05
    },
    {
      "X": 2.3836742E-07,
      "Y": -4.84496931E-09,
      "Z": 0.0203233082,
      "W": 0.99979347
    },
    {
      "X": -2.73839566E-12,
      "Y": 0.0,
      "Z": 0.08500459,
      "W": 0.9963805
    },
    {
      "X": 6.973599E-13,
      "Y": -1.85962639E-12,
      "Z": -0.20791176,
      "W": 0.978147745
    },
    {
      "X": -2.339483E-12,
      "Y": 0.0,
      "Z": 0.0871557,
      "W": 0.996194541
    },
    {
      "X": -0.00731295859,
      "Y": 0.00257364661,
      "Z": -0.6954696,
      "W": 0.7185141
    },
    {
      "X": -0.000237339729,
      "Y": -0.000129959139,
      "Z": 0.0202263165,
      "W": 0.9997953
    },
    {
      "X": 0.03719139,
      "Y": -0.0425302573,
      "Z": -0.4584697,
      "W": 0.8869122
    },
    {
      "X": 0.00731296325,
      "Y": -0.00257364544,
      "Z": -0.6954696,
      "W": 0.7185141
    },
    {
      "X": 0.000237280517,
      "Y": 0.000129933527,
      "Z": 0.0202263147,
      "W": 0.999795258
    },
    {
      "X": -0.03719139,
      "Y": 0.0425302535,
      "Z": -0.4584697,
      "W": 0.8869123
    },
    {
      "X": 0.607937932,
      "Y": -0.0151575692,
      "Z": 0.777876139,
      "W": 0.1583993
    },
    {
      "X": 0.1801297,
      "Y": -0.264638543,
      "Z": 0.144558787,
      "W": 0.936281264
    },
    {
      "X": 0.6542481,
      "Y": -0.268250316,
      "Z": 0.268250883,
      "W": 0.6542491
    },
    {
      "X": 0.004016327,
      "Y": -0.02586147,
      "Z": 0.0148800267,
      "W": 0.9995468
    },
    {
      "X": -0.0101024453,
      "Y": -0.00480693951,
      "Z": -0.2646424,
      "W": 0.964281857
    },
    {
      "X": -2.7536073E-08,
      "Y": -2.67493277E-07,
      "Z": -0.321194142,
      "W": 0.9470135
    },
    {
      "X": -0.607937932,
      "Y": 0.0151575692,
      "Z": 0.777876139,
      "W": 0.1583993
    },
    {
      "X": -0.1801297,
      "Y": 0.264638543,
      "Z": 0.144558787,
      "W": 0.936281264
    },
    {
      "X": -0.6542471,
      "Y": 0.268252939,
      "Z": 0.268253565,
      "W": 0.654248
    },
    {
      "X": -0.00401634956,
      "Y": 0.0258614626,
      "Z": 0.0148800323,
      "W": 0.999546766
    },
    {
      "X": 0.0101024527,
      "Y": 0.00480693951,
      "Z": -0.264642417,
      "W": 0.964281857
    },
    {
      "X": -7.277391E-08,
      "Y": 2.36023482E-07,
      "Z": -0.321194172,
      "W": 0.9470135
    },
    {
      "X": 2.533197E-07,
      "Y": -7.45057971E-09,
      "Z": -1.99303E-07,
      "W": 1.00000012
    },
    {
      "X": 2.23517418E-08,
      "Y": -4.284084E-08,
      "Z": -3.16649675E-08,
      "W": 1.0
    },
    {
      "X": 0.0154457465,
      "Y": 0.0199889988,
      "Z": -0.224105388,
      "W": 0.9742374
    },
    {
      "X": -0.00365663,
      "Y": 0.0012869006,
      "Z": -0.7013167,
      "W": 0.7128394
    },
    {
      "X": 0.001675669,
      "Y": -0.00349560846,
      "Z": -0.008147944,
      "W": 0.99995935
    },
    {
      "X": 0.000118675096,
      "Y": 6.501778E-05,
      "Z": -0.0101136761,
      "W": 0.9999489
    },
    {
      "X": -0.0154457483,
      "Y": -0.0199889932,
      "Z": -0.2241054,
      "W": 0.974237442
    },
    {
      "X": 0.00365670514,
      "Y": -0.001286892,
      "Z": -0.7013167,
      "W": 0.7128394
    },
    {
      "X": -0.00167566782,
      "Y": 0.003495473,
      "Z": -0.008147941,
      "W": 0.99995923
    },
    {
      "X": -0.000118644522,
      "Y": -6.499613E-05,
      "Z": -0.0101136817,
      "W": 0.9999489
    },
    {
      "X": -0.190787286,
      "Y": -1.51799959E-08,
      "Z": 1.8974994E-08,
      "W": 0.981631458
    },
    {
      "X": 0.09153469,
      "Y": -0.134478882,
      "Z": 0.0734590739,
      "W": 0.9839413
    },
    {
      "X": -0.693766534,
      "Y": 0.13670437,
      "Z": -0.13670437,
      "W": 0.6937665
    },
    {
      "X": 0.000881061249,
      "Y": 7.450583E-09,
      "Z": 1.86264582E-09,
      "W": 0.999999642
    },
    {
      "X": 0.002202628,
      "Y": -7.450599E-09,
      "Z": 0.0,
      "W": 0.999997556
    },
    {
      "X": 0.0005189894,
      "Y": -0.01439437,
      "Z": 0.008223254,
      "W": 0.9998625
    },
    {
      "X": 0.19078733,
      "Y": 0.0,
      "Z": 0.0,
      "W": 0.981631458
    },
    {
      "X": 0.693766236,
      "Y": -0.136705756,
      "Z": -0.136705786,
      "W": 0.6937662
    },
    {
      "X": -0.000881068758,
      "Y": 0.0,
      "Z": -2.04891055E-08,
      "W": 0.9999996
    },
    {
      "X": -0.0022026205,
      "Y": -7.450599E-09,
      "Z": 5.587949E-09,
      "W": 0.999997556
    },
    {
      "X": -0.0005190118,
      "Y": 0.0143943746,
      "Z": 0.008223199,
      "W": 0.999862432
    },
    {
      "X": -0.09153467,
      "Y": 0.134478927,
      "Z": 0.07345908,
      "W": 0.9839414
    },
    {
      "X": 5.40458656E-09,
      "Y": 4.542702E-09,
      "Z": 0.0436193943,
      "W": 0.999048233
    },
    {
      "X": -0.0373164453,
      "Y": -0.0441750363,
      "Z": -0.269979358,
      "W": 0.961128
    },
    {
      "X": -1.02041433E-07,
      "Y": 2.119322E-07,
      "Z": -0.3146794,
      "W": 0.949198246
    },
    {
      "X": -2.1887395E-07,
      "Y": -1.502997E-08,
      "Z": -0.13064,
      "W": 0.9914298
    },
    {
      "X": -9.512887E-08,
      "Y": -2.387548E-07,
      "Z": -0.0530542247,
      "W": 0.9985918
    },
    {
      "X": 0.0998538,
      "Y": 0.117877223,
      "Z": -0.0619638,
      "W": 0.986050069
    },
    {
      "X": 0.142875269,
      "Y": -0.0107961381,
      "Z": -0.203058451,
      "W": 0.9686266
    },
    {
      "X": -0.08370589,
      "Y": -0.02432662,
      "Z": -0.3227868,
      "W": 0.9424493
    },
    {
      "X": -0.0065247165,
      "Y": 0.0431279,
      "Z": 0.06679952,
      "W": 0.9968127
    },
    {
      "X": 0.132614046,
      "Y": 0.054601144,
      "Z": -0.291068673,
      "W": 0.9458918
    },
    {
      "X": -1.51741176E-07,
      "Y": -2.93817322E-07,
      "Z": -0.267351627,
      "W": 0.963598967
    },
    {
      "X": -4.06119085E-07,
      "Y": -1.4972132E-08,
      "Z": -0.09725343,
      "W": 0.9952598
    },
    {
      "X": -0.656261265,
      "Y": -0.3655752,
      "Z": 0.1706836,
      "W": 0.637607
    },
    {
      "X": 6.253562E-08,
      "Y": -2.403713E-07,
      "Z": -0.302557319,
      "W": 0.953131139
    },
    {
      "X": -3.72901567E-08,
      "Y": 3.72901576E-09,
      "Z": -0.0446878225,
      "W": 0.999000967
    },
    {
      "X": 0.0373164155,
      "Y": 0.0441750064,
      "Z": -0.269979417,
      "W": 0.961128
    },
    {
      "X": 7.45687458E-08,
      "Y": -2.19781569E-07,
      "Z": -0.314679474,
      "W": 0.9491981
    },
    {
      "X": 2.1887395E-07,
      "Y": 4.50899122E-08,
      "Z": -0.13064003,
      "W": 0.9914298
    },
    {
      "X": -3.730544E-09,
      "Y": 2.23832629E-07,
      "Z": -0.0530542359,
      "W": 0.9985918
    },
    {
      "X": -0.09985376,
      "Y": -0.117877245,
      "Z": -0.0619637445,
      "W": 0.9860501
    },
    {
      "X": -0.142875269,
      "Y": 0.0107961074,
      "Z": -0.2030584,
      "W": 0.9686266
    },
    {
      "X": 0.08370593,
      "Y": 0.0243267082,
      "Z": -0.3227867,
      "W": 0.9424493
    },
    {
      "X": 0.00652482361,
      "Y": -0.043127887,
      "Z": 0.06679952,
      "W": 0.9968127
    },
    {
      "X": -0.132614061,
      "Y": -0.0546011627,
      "Z": -0.2910687,
      "W": 0.9458918
    },
    {
      "X": 1.64305732E-07,
      "Y": 3.09281376E-07,
      "Z": -0.267352283,
      "W": 0.963598967
    },
    {
      "X": 4.772367E-07,
      "Y": 4.49163977E-08,
      "Z": -0.09725354,
      "W": 0.995259762
    },
    {
      "X": 0.6562612,
      "Y": 0.3655753,
      "Z": 0.170683488,
      "W": 0.637607038
    },
    {
      "X": 0.0,
      "Y": 2.14966462E-08,
      "Z": -0.302561224,
      "W": 0.9531299
    },
    {
      "X": -1.49160631E-08,
      "Y": 1.11870468E-08,
      "Z": -0.0446878076,
      "W": 0.999000967
    },
    {
      "X": -1.49011594E-08,
      "Y": 1.49011594E-08,
      "Z": -7.45057971E-09,
      "W": 1.00000012
    },
    {
      "X": 0.0,
      "Y": -7.450581E-08,
      "Z": -1.11758718E-08,
      "W": 0.99999994
    },
    {
      "X": -4.656613E-10,
      "Y": 0.0,
      "Z": -1.86264515E-09,
      "W": 1.0
    },
    {
      "X": -3.7252903E-09,
      "Y": 0.0,
      "Z": -3.7252903E-09,
      "W": 1.0
    },
    {
      "X": -0.656260967,
      "Y": -0.365574449,
      "Z": 0.170683414,
      "W": 0.6376074
    },
    {
      "X": -2.98023224E-08,
      "Y": -1.49011612E-08,
      "Z": -3.7252903E-09,
      "W": 1.0
    },
    {
      "X": 7.450581E-09,
      "Y": 2.23517418E-08,
      "Z": 0.0,
      "W": 1.0
    },
    {
      "X": -1.39698386E-09,
      "Y": 0.0,
      "Z": 2.79396772E-09,
      "W": 1.0
    },
    {
      "X": 0.0,
      "Y": -7.450581E-09,
      "Z": 5.58793545E-09,
      "W": 1.0
    },
    {
      "X": 0.656260967,
      "Y": 0.365574539,
      "Z": 0.17068316,
      "W": 0.637607455
    },
	{
      "X": 0.0,
      "Y": 0.0,
      "Z": 0.0,
      "W": 1.0
    }
  ],
  "scales": [
    {
      "X": 1.0,
      "Y": 1.0,
      "Z": 1.0,
      "LengthSQ": 3.0,
      "Length": 1.73205078
    },
    {
      "X": 1.0,
      "Y": 1.0,
      "Z": 1.0,
      "LengthSQ": 3.0,
      "Length": 1.73205078
    },
    {
      "X": 1.0,
      "Y": 1.0,
      "Z": 1.0,
      "LengthSQ": 3.0,
      "Length": 1.73205078
    },
    {
      "X": 1.0,
      "Y": 1.0,
      "Z": 1.0,
      "LengthSQ": 3.0,
      "Length": 1.73205078
    },
    {
      "X": 1.0,
      "Y": 1.0,
      "Z": 1.0,
      "LengthSQ": 3.0,
      "Length": 1.73205078
    },
    {
      "X": 1.0,
      "Y": 1.0,
      "Z": 1.0,
      "LengthSQ": 3.0,
      "Length": 1.73205078
    },
    {
      "X": 1.0,
      "Y": 1.0,
      "Z": 1.0,
      "LengthSQ": 3.0,
      "Length": 1.73205078
    },
    {
      "X": 1.0,
      "Y": 1.0,
      "Z": 1.0,
      "LengthSQ": 3.0,
      "Length": 1.73205078
    },
    {
      "X": 1.0,
      "Y": 1.0,
      "Z": 1.0,
      "LengthSQ": 3.0,
      "Length": 1.73205078
    },
    {
      "X": 1.0,
      "Y": 1.0,
      "Z": 1.0,
      "LengthSQ": 3.0,
      "Length": 1.73205078
    },
    {
      "X": 1.0,
      "Y": 1.0,
      "Z": 1.0,
      "LengthSQ": 3.0,
      "Length": 1.73205078
    },
    {
      "X": 1.0,
      "Y": 1.0,
      "Z": 1.0,
      "LengthSQ": 3.0,
      "Length": 1.73205078
    },
    {
      "X": 1.0,
      "Y": 1.0,
      "Z": 1.0,
      "LengthSQ": 3.0,
      "Length": 1.73205078
    },
    {
      "X": 1.0,
      "Y": 1.0,
      "Z": 1.0,
      "LengthSQ": 3.0,
      "Length": 1.73205078
    },
    {
      "X": 1.0,
      "Y": 1.0,
      "Z": 1.0,
      "LengthSQ": 3.0,
      "Length": 1.73205078
    },
    {
      "X": 1.0,
      "Y": 1.0,
      "Z": 1.0,
      "LengthSQ": 3.0,
      "Length": 1.73205078
    },
    {
      "X": 1.0,
      "Y": 1.0,
      "Z": 1.0,
      "LengthSQ": 3.0,
      "Length": 1.73205078
    },
    {
      "X": 1.0,
      "Y": 1.0,
      "Z": 1.0,
      "LengthSQ": 3.0,
      "Length": 1.73205078
    },
    {
      "X": 1.0,
      "Y": 1.0,
      "Z": 1.0,
      "LengthSQ": 3.0,
      "Length": 1.73205078
    },
    {
      "X": 1.0,
      "Y": 1.0,
      "Z": 1.0,
      "LengthSQ": 3.0,
      "Length": 1.73205078
    },
    {
      "X": 1.0,
      "Y": 1.0,
      "Z": 1.0,
      "LengthSQ": 3.0,
      "Length": 1.73205078
    },
    {
      "X": 1.0,
      "Y": 1.0,
      "Z": 1.0,
      "LengthSQ": 3.0,
      "Length": 1.73205078
    },
    {
      "X": 1.0,
      "Y": 1.0,
      "Z": 1.0,
      "LengthSQ": 3.0,
      "Length": 1.73205078
    },
    {
      "X": 1.0,
      "Y": 1.0,
      "Z": 1.0,
      "LengthSQ": 3.0,
      "Length": 1.73205078
    },
    {
      "X": 1.0,
      "Y": 1.0,
      "Z": 1.0,
      "LengthSQ": 3.0,
      "Length": 1.73205078
    },
    {
      "X": 1.0,
      "Y": 1.0,
      "Z": 1.0,
      "LengthSQ": 3.0,
      "Length": 1.73205078
    },
    {
      "X": 1.0,
      "Y": 1.0,
      "Z": 1.0,
      "LengthSQ": 3.0,
      "Length": 1.73205078
    },
    {
      "X": 1.0,
      "Y": 1.0,
      "Z": 1.0,
      "LengthSQ": 3.0,
      "Length": 1.73205078
    },
    {
      "X": 1.0,
      "Y": 1.0,
      "Z": 1.0,
      "LengthSQ": 3.0,
      "Length": 1.73205078
    },
    {
      "X": 1.0,
      "Y": 1.0,
      "Z": 1.0,
      "LengthSQ": 3.0,
      "Length": 1.73205078
    },
    {
      "X": 1.0,
      "Y": 1.0,
      "Z": 1.0,
      "LengthSQ": 3.0,
      "Length": 1.73205078
    },
    {
      "X": 1.0,
      "Y": 1.0,
      "Z": 1.0,
      "LengthSQ": 3.0,
      "Length": 1.73205078
    },
    {
      "X": 1.0,
      "Y": 1.0,
      "Z": 1.0,
      "LengthSQ": 3.0,
      "Length": 1.73205078
    },
    {
      "X": 1.0,
      "Y": 1.0,
      "Z": 1.0,
      "LengthSQ": 3.0,
      "Length": 1.73205078
    },
    {
      "X": 1.0,
      "Y": 1.0,
      "Z": 1.0,
      "LengthSQ": 3.0,
      "Length": 1.73205078
    },
    {
      "X": 1.0,
      "Y": 1.0,
      "Z": 1.0,
      "LengthSQ": 3.0,
      "Length": 1.73205078
    },
    {
      "X": 1.0,
      "Y": 1.0,
      "Z": 1.0,
      "LengthSQ": 3.0,
      "Length": 1.73205078
    },
    {
      "X": 1.0,
      "Y": 1.0,
      "Z": 1.0,
      "LengthSQ": 3.0,
      "Length": 1.73205078
    },
    {
      "X": 1.0,
      "Y": 1.0,
      "Z": 1.0,
      "LengthSQ": 3.0,
      "Length": 1.73205078
    },
    {
      "X": 1.0,
      "Y": 1.0,
      "Z": 1.0,
      "LengthSQ": 3.0,
      "Length": 1.73205078
    },
    {
      "X": 1.0,
      "Y": 1.0,
      "Z": 1.0,
      "LengthSQ": 3.0,
      "Length": 1.73205078
    },
    {
      "X": 1.0,
      "Y": 1.0,
      "Z": 1.0,
      "LengthSQ": 3.0,
      "Length": 1.73205078
    },
    {
      "X": 1.0,
      "Y": 1.0,
      "Z": 1.0,
      "LengthSQ": 3.0,
      "Length": 1.73205078
    },
    {
      "X": 1.0,
      "Y": 1.0,
      "Z": 1.0,
      "LengthSQ": 3.0,
      "Length": 1.73205078
    },
    {
      "X": 1.0,
      "Y": 1.0,
      "Z": 1.0,
      "LengthSQ": 3.0,
      "Length": 1.73205078
    },
    {
      "X": 1.0,
      "Y": 1.0,
      "Z": 1.0,
      "LengthSQ": 3.0,
      "Length": 1.73205078
    },
    {
      "X": 1.0,
      "Y": 1.0,
      "Z": 1.0,
      "LengthSQ": 3.0,
      "Length": 1.73205078
    },
    {
      "X": 1.0,
      "Y": 1.0,
      "Z": 1.0,
      "LengthSQ": 3.0,
      "Length": 1.73205078
    },
    {
      "X": 1.0,
      "Y": 1.0,
      "Z": 1.0,
      "LengthSQ": 3.0,
      "Length": 1.73205078
    },
    {
      "X": 1.0,
      "Y": 1.0,
      "Z": 1.0,
      "LengthSQ": 3.0,
      "Length": 1.73205078
    },
    {
      "X": 1.0,
      "Y": 1.0,
      "Z": 1.0,
      "LengthSQ": 3.0,
      "Length": 1.73205078
    },
    {
      "X": 1.0,
      "Y": 1.0,
      "Z": 1.0,
      "LengthSQ": 3.0,
      "Length": 1.73205078
    },
    {
      "X": 1.0,
      "Y": 1.0,
      "Z": 1.0,
      "LengthSQ": 3.0,
      "Length": 1.73205078
    },
    {
      "X": 1.0,
      "Y": 1.0,
      "Z": 1.0,
      "LengthSQ": 3.0,
      "Length": 1.73205078
    },
    {
      "X": 1.0,
      "Y": 1.0,
      "Z": 1.0,
      "LengthSQ": 3.0,
      "Length": 1.73205078
    },
    {
      "X": 1.0,
      "Y": 1.0,
      "Z": 1.0,
      "LengthSQ": 3.0,
      "Length": 1.73205078
    },
    {
      "X": 1.0,
      "Y": 1.0,
      "Z": 1.0,
      "LengthSQ": 3.0,
      "Length": 1.73205078
    },
    {
      "X": 1.0,
      "Y": 1.0,
      "Z": 1.0,
      "LengthSQ": 3.0,
      "Length": 1.73205078
    },
    {
      "X": 1.0,
      "Y": 1.0,
      "Z": 1.0,
      "LengthSQ": 3.0,
      "Length": 1.73205078
    },
    {
      "X": 1.0,
      "Y": 1.0,
      "Z": 1.0,
      "LengthSQ": 3.0,
      "Length": 1.73205078
    },
    {
      "X": 1.0,
      "Y": 1.0,
      "Z": 1.0,
      "LengthSQ": 3.0,
      "Length": 1.73205078
    },
    {
      "X": 1.0,
      "Y": 1.0,
      "Z": 1.0,
      "LengthSQ": 3.0,
      "Length": 1.73205078
    },
    {
      "X": 1.0,
      "Y": 1.0,
      "Z": 1.0,
      "LengthSQ": 3.0,
      "Length": 1.73205078
    },
    {
      "X": 1.0,
      "Y": 1.0,
      "Z": 1.0,
      "LengthSQ": 3.0,
      "Length": 1.73205078
    },
    {
      "X": 1.0,
      "Y": 1.0,
      "Z": 1.0,
      "LengthSQ": 3.0,
      "Length": 1.73205078
    },
    {
      "X": 1.0,
      "Y": 1.0,
      "Z": 1.0,
      "LengthSQ": 3.0,
      "Length": 1.73205078
    },
    {
      "X": 1.0,
      "Y": 1.0,
      "Z": 1.0,
      "LengthSQ": 3.0,
      "Length": 1.73205078
    },
    {
      "X": 1.0,
      "Y": 1.0,
      "Z": 1.0,
      "LengthSQ": 3.0,
      "Length": 1.73205078
    },
    {
      "X": 1.0,
      "Y": 1.0,
      "Z": 1.0,
      "LengthSQ": 3.0,
      "Length": 1.73205078
    },
    {
      "X": 1.0,
      "Y": 1.0,
      "Z": 1.0,
      "LengthSQ": 3.0,
      "Length": 1.73205078
    },
    {
      "X": 1.0,
      "Y": 1.0,
      "Z": 1.0,
      "LengthSQ": 3.0,
      "Length": 1.73205078
    },
    {
      "X": 1.0,
      "Y": 1.0,
      "Z": 1.0,
      "LengthSQ": 3.0,
      "Length": 1.73205078
    },
    {
      "X": 1.0,
      "Y": 1.0,
      "Z": 1.0,
      "LengthSQ": 3.0,
      "Length": 1.73205078
    },
    {
      "X": 1.0,
      "Y": 1.0,
      "Z": 1.0,
      "LengthSQ": 3.0,
      "Length": 1.73205078
    },
    {
      "X": 1.0,
      "Y": 1.0,
      "Z": 1.0,
      "LengthSQ": 3.0,
      "Length": 1.73205078
    },
    {
      "X": 1.0,
      "Y": 1.0,
      "Z": 1.0,
      "LengthSQ": 3.0,
      "Length": 1.73205078
    },
    {
      "X": 1.0,
      "Y": 1.0,
      "Z": 1.0,
      "LengthSQ": 3.0,
      "Length": 1.73205078
    },
    {
      "X": 1.0,
      "Y": 1.0,
      "Z": 1.0,
      "LengthSQ": 3.0,
      "Length": 1.73205078
    },
    {
      "X": 1.0,
      "Y": 1.0,
      "Z": 1.0,
      "LengthSQ": 3.0,
      "Length": 1.73205078
    },
    {
      "X": 1.0,
      "Y": 1.0,
      "Z": 1.0,
      "LengthSQ": 3.0,
      "Length": 1.73205078
    },
    {
      "X": 1.0,
      "Y": 1.0,
      "Z": 1.0,
      "LengthSQ": 3.0,
      "Length": 1.73205078
    },
    {
      "X": 1.0,
      "Y": 1.0,
      "Z": 1.0,
      "LengthSQ": 3.0,
      "Length": 1.73205078
    },
    {
      "X": 1.0,
      "Y": 1.0,
      "Z": 1.0,
      "LengthSQ": 3.0,
      "Length": 1.73205078
    },
    {
      "X": 1.0,
      "Y": 1.0,
      "Z": 1.0,
      "LengthSQ": 3.0,
      "Length": 1.73205078
    },
    {
      "X": 1.0,
      "Y": 1.0,
      "Z": 1.0,
      "LengthSQ": 3.0,
      "Length": 1.73205078
    },
    {
      "X": 1.0,
      "Y": 1.0,
      "Z": 1.0,
      "LengthSQ": 3.0,
      "Length": 1.73205078
    },
    {
      "X": 1.0,
      "Y": 1.0,
      "Z": 1.0,
      "LengthSQ": 3.0,
      "Length": 1.73205078
    },
    {
      "X": 1.0,
      "Y": 1.0,
      "Z": 1.0,
      "LengthSQ": 3.0,
      "Length": 1.73205078
    },
    {
      "X": 1.0,
      "Y": 1.0,
      "Z": 1.0,
      "LengthSQ": 3.0,
      "Length": 1.73205078
    },
    {
      "X": 1.0,
      "Y": 1.0,
      "Z": 1.0,
      "LengthSQ": 3.0,
      "Length": 1.73205078
    },
    {
      "X": 1.0,
      "Y": 1.0,
      "Z": 1.0,
      "LengthSQ": 3.0,
      "Length": 1.73205078
    },
    {
      "X": 1.0,
      "Y": 1.0,
      "Z": 1.0,
      "LengthSQ": 3.0,
      "Length": 1.73205078
    },
    {
      "X": 1.0,
      "Y": 1.0,
      "Z": 1.0,
      "LengthSQ": 3.0,
      "Length": 1.73205078
    },
    {
      "X": 1.0,
      "Y": 1.0,
      "Z": 1.0,
      "LengthSQ": 3.0,
      "Length": 1.73205078
    },
	{
      "X": 1.0,
      "Y": 1.0,
      "Z": 1.0,
      "LengthSQ": 3.0,
      "Length": 1.73205078
    }
  ]
}